,quantity,dates,stock_id,symbol_id
0,2000,2023-08-17,143,339
1,9725,2023-08-17,143,340
2,13415,2023-08-17,143,224
3,24103,2023-08-17,143,220
4,20000,2023-08-17,143,229
5,62678,2023-08-17,143,216
6,7500,2023-08-17,143,226
7,7494,2023-08-17,143,223
8,35023,2023-08-17,143,213
9,5800,2023-08-17,143,214
10,12801,2023-08-17,143,227
11,63371,2023-08-17,143,264
12,149,2023-08-17,143,222
13,10321,2023-08-17,143,338
14,19295,2023-08-17,143,337
15,14549,2023-08-17,143,217
16,5128,2023-08-17,143,347
17,64854,2023-08-17,143,230
18,36232,2023-08-17,143,219
19,6743,2023-08-17,26,339
20,25811,2023-08-17,26,340
21,34882,2023-08-17,26,220
22,12313,2023-08-17,26,216
23,1,2023-08-17,26,228
24,27871,2023-08-17,26,226
25,29466,2023-08-17,26,223
26,203009,2023-08-17,26,215
27,20582,2023-08-17,26,233
28,42579,2023-08-17,26,227
29,15514,2023-08-17,26,222
30,3852,2023-08-17,26,338
31,52576,2023-08-17,26,337
32,8429,2023-08-17,26,217
33,11780,2023-08-17,26,346
34,49399,2023-08-17,26,232
35,41559,2023-08-17,26,211
36,50941,2023-08-17,26,225
37,42513,2023-08-17,26,230
38,11365,2023-08-17,18,339
39,7995,2023-08-17,18,340
40,54268,2023-08-17,18,218
41,21369,2023-08-17,18,224
42,17540,2023-08-17,18,229
43,80806,2023-08-17,18,228
44,66140,2023-08-17,18,213
45,37027,2023-08-17,18,233
46,54259,2023-08-17,18,214
47,24389,2023-08-17,18,227
48,14859,2023-08-17,18,222
49,22686,2023-08-17,18,217
50,48597,2023-08-17,18,232
51,83067,2023-08-17,18,211
52,38731,2023-08-17,18,225
53,35033,2023-08-17,18,230
54,43789,2023-08-17,18,219
55,167182,2023-08-17,18,212
56,22896,2023-08-17,6,339
57,2126,2023-08-17,6,340
58,39129,2023-08-17,6,218
59,60046,2023-08-17,6,304
60,53025,2023-08-17,6,224
61,20000,2023-08-17,6,220
62,55723,2023-08-17,6,229
63,54107,2023-08-17,6,216
64,39962,2023-08-17,6,294
65,9218,2023-08-17,6,228
66,40861,2023-08-17,6,312
67,2090,2023-08-17,6,296
68,38845,2023-08-17,6,233
69,32134,2023-08-17,6,214
70,31776,2023-08-17,6,264
71,1886,2023-08-17,6,222
72,15170,2023-08-17,6,337
73,27949,2023-08-17,6,217
74,29392,2023-08-17,6,347
75,2000,2023-08-17,6,346
76,40511,2023-08-17,6,232
77,13000,2023-08-17,6,225
78,55445,2023-08-17,6,230
79,31500,2023-08-17,6,219
80,11434,2023-08-17,33,339
81,51362,2023-08-17,33,218
82,13393,2023-08-17,33,304
83,27803,2023-08-17,33,224
84,39280,2023-08-17,33,220
85,30000,2023-08-17,33,333
86,33274,2023-08-17,33,229
87,34559,2023-08-17,33,216
88,26633,2023-08-17,33,294
89,88064,2023-08-17,33,228
90,8588,2023-08-17,33,312
91,30693,2023-08-17,33,313
92,63133,2023-08-17,33,213
93,2308,2023-08-17,33,215
94,73557,2023-08-17,33,336
95,37918,2023-08-17,33,233
96,85873,2023-08-17,33,221
97,57832,2023-08-17,33,214
98,27488,2023-08-17,33,227
99,59792,2023-08-17,33,264
100,10000,2023-08-17,33,222
101,1000,2023-08-17,33,338
102,27168,2023-08-17,33,337
103,30257,2023-08-17,33,217
104,28204,2023-08-17,33,211
105,4951,2023-08-17,33,225
106,6548,2023-08-17,33,219
107,49612,2023-08-17,33,212
108,17510,2023-08-17,17,339
109,91848,2023-08-17,17,218
110,66686,2023-08-17,17,224
111,84298,2023-08-17,17,220
112,37800,2023-08-17,17,333
113,147204,2023-08-17,17,229
114,112386,2023-08-17,17,216
115,76333,2023-08-17,17,228
116,51243,2023-08-17,17,312
117,60861,2023-08-17,17,226
118,58899,2023-08-17,17,223
119,117342,2023-08-17,17,313
120,100183,2023-08-17,17,213
121,95154,2023-08-17,17,233
122,148423,2023-08-17,17,221
123,94250,2023-08-17,17,227
124,60804,2023-08-17,17,222
125,68214,2023-08-17,17,217
126,91332,2023-08-17,17,232
127,42107,2023-08-17,17,211
128,94668,2023-08-17,17,225
129,102957,2023-08-17,17,230
130,82722,2023-08-17,17,219
131,24711,2023-08-17,17,212
132,2567,2023-08-17,288,339
133,46838,2023-08-17,288,218
134,31439,2023-08-17,288,224
135,7000,2023-08-17,288,220
136,33090,2023-08-17,288,333
137,36616,2023-08-17,288,229
138,23318,2023-08-17,288,228
139,20628,2023-08-17,288,226
140,33622,2023-08-17,288,223
141,9258,2023-08-17,288,213
142,55834,2023-08-17,288,336
143,20001,2023-08-17,288,227
144,10000,2023-08-17,288,222
145,4646,2023-08-17,288,338
146,26359,2023-08-17,288,217
147,2500,2023-08-17,288,346
148,88588,2023-08-17,288,232
149,58249,2023-08-17,288,211
150,115722,2023-08-17,288,225
151,57000,2023-08-17,288,230
152,16483,2023-08-17,288,212
153,12447,2023-08-17,11,339
154,16050,2023-08-17,11,340
155,72175,2023-08-17,11,218
156,44325,2023-08-17,11,224
157,44009,2023-08-17,11,229
158,13500,2023-08-17,11,216
159,38000,2023-08-17,11,294
160,81738,2023-08-17,11,228
161,33490,2023-08-17,11,226
162,30799,2023-08-17,11,223
163,13500,2023-08-17,11,213
164,133793,2023-08-17,11,215
165,38364,2023-08-17,11,227
166,12456,2023-08-17,11,222
167,26500,2023-08-17,11,346
168,156606,2023-08-17,11,232
169,65081,2023-08-17,11,211
170,59102,2023-08-17,11,225
171,77981,2023-08-17,11,230
172,74609,2023-08-17,11,219
173,283362,2023-08-17,11,212
174,2000,2023-08-17,10,339
175,7296,2023-08-17,10,218
176,19960,2023-08-17,10,224
177,19630,2023-08-17,10,229
178,18376,2023-08-17,10,294
179,34111,2023-08-17,10,228
180,87201,2023-08-17,10,221
181,1000,2023-08-17,10,214
182,61322,2023-08-17,10,264
183,6717,2023-08-17,10,222
184,68725,2023-08-17,10,338
185,77921,2023-08-17,10,337
186,53624,2023-08-17,10,217
187,15000,2023-08-17,10,346
188,5475,2023-08-17,10,225
189,6800,2023-08-17,113,339
190,7567,2023-08-17,113,340
191,4970,2023-08-17,113,218
192,5497,2023-08-17,113,304
193,30000,2023-08-17,113,224
194,29015,2023-08-17,113,229
195,19417,2023-08-17,113,228
196,4309,2023-08-17,113,312
197,8302,2023-08-17,113,226
198,4500,2023-08-17,113,223
199,13035,2023-08-17,113,313
200,9362,2023-08-17,113,213
201,2695,2023-08-17,113,296
202,43190,2023-08-17,113,336
203,39694,2023-08-17,113,221
204,20193,2023-08-17,113,338
205,9025,2023-08-17,113,217
206,2170,2023-08-17,113,347
207,12500,2023-08-17,113,346
208,8524,2023-08-17,113,211
209,8255,2023-08-17,27,339
210,32535,2023-08-17,27,218
211,30274,2023-08-17,27,220
212,50544,2023-08-17,27,229
213,71093,2023-08-17,27,216
214,96417,2023-08-17,27,228
215,73914,2023-08-17,27,313
216,45373,2023-08-17,27,213
217,17268,2023-08-17,27,227
218,12160,2023-08-17,27,222
219,5000,2023-08-17,27,346
220,81788,2023-08-17,27,232
221,63397,2023-08-17,27,211
222,48295,2023-08-17,27,225
223,11,2023-08-17,27,230
224,13156,2023-08-17,40,339
225,18115,2023-08-17,40,340
226,7945,2023-08-17,40,218
227,16813,2023-08-17,40,304
228,24105,2023-08-17,40,224
229,36603,2023-08-17,40,220
230,45544,2023-08-17,40,333
231,33550,2023-08-17,40,229
232,12134,2023-08-17,40,216
233,49372,2023-08-17,40,228
234,3929,2023-08-17,40,312
235,11114,2023-08-17,40,226
236,6246,2023-08-17,40,223
237,54231,2023-08-17,40,213
238,18983,2023-08-17,40,296
239,60076,2023-08-17,40,336
240,36963,2023-08-17,40,233
241,80190,2023-08-17,40,221
242,1000,2023-08-17,40,214
243,45489,2023-08-17,40,227
244,63199,2023-08-17,40,264
245,10000,2023-08-17,40,222
246,38762,2023-08-17,40,337
247,54854,2023-08-17,40,217
248,32344,2023-08-17,40,211
249,13003,2023-08-17,40,225
250,33948,2023-08-17,40,212
251,5100,2023-08-17,22,339
252,21137,2023-08-17,22,340
253,149012,2023-08-17,22,218
254,16705,2023-08-17,22,224
255,54512,2023-08-17,22,220
256,77055,2023-08-17,22,229
257,23140,2023-08-17,22,294
258,214266,2023-08-17,22,228
259,1,2023-08-17,22,223
260,34884,2023-08-17,22,213
261,51318,2023-08-17,22,215
262,89037,2023-08-17,22,214
263,105659,2023-08-17,22,227
264,72221,2023-08-17,22,264
265,112906,2023-08-17,22,222
266,6150,2023-08-17,22,338
267,32877,2023-08-17,22,346
268,81936,2023-08-17,22,232
269,70337,2023-08-17,22,211
270,51200,2023-08-17,22,225
271,39314,2023-08-17,22,219
272,122517,2023-08-17,22,212
273,15033,2023-08-17,8,339
274,75660,2023-08-17,8,218
275,84140,2023-08-17,8,224
276,13500,2023-08-17,8,220
277,15000,2023-08-17,8,333
278,83003,2023-08-17,8,229
279,64256,2023-08-17,8,216
280,35500,2023-08-17,8,294
281,133300,2023-08-17,8,228
282,40000,2023-08-17,8,226
283,29000,2023-08-17,8,223
284,6253,2023-08-17,8,213
285,111355,2023-08-17,8,336
286,13796,2023-08-17,8,233
287,99405,2023-08-17,8,221
288,5292,2023-08-17,8,338
289,59579,2023-08-17,8,337
290,76951,2023-08-17,8,217
291,21565,2023-08-17,8,347
292,3000,2023-08-17,8,346
293,34925,2023-08-17,8,211
294,6300,2023-08-17,8,225
295,21,2023-08-17,8,230
296,13000,2023-08-17,8,219
297,29150,2023-08-17,8,212
298,8758,2023-08-17,129,339
299,5515,2023-08-17,129,340
300,30693,2023-08-17,129,218
301,46462,2023-08-17,129,224
302,20327,2023-08-17,129,220
303,17582,2023-08-17,129,333
304,56284,2023-08-17,129,229
305,47302,2023-08-17,129,216
306,155,2023-08-17,129,294
307,21707,2023-08-17,129,228
308,7255,2023-08-17,129,312
309,14850,2023-08-17,129,226
310,7485,2023-08-17,129,223
311,19975,2023-08-17,129,313
312,34452,2023-08-17,129,213
313,24167,2023-08-17,129,215
314,38103,2023-08-17,129,296
315,42009,2023-08-17,129,336
316,11034,2023-08-17,129,233
317,23389,2023-08-17,129,221
318,16499,2023-08-17,129,227
319,10000,2023-08-17,129,222
320,38517,2023-08-17,129,337
321,45618,2023-08-17,129,217
322,17874,2023-08-17,129,347
323,7000,2023-08-17,129,346
324,31921,2023-08-17,129,232
325,17055,2023-08-17,129,211
326,20109,2023-08-17,129,225
327,41331,2023-08-17,129,230
328,3841,2023-08-17,129,212
329,3000,2023-08-17,137,339
330,36884,2023-08-17,137,218
331,16976,2023-08-17,137,304
332,25623,2023-08-17,137,333
333,38332,2023-08-17,137,216
334,14701,2023-08-17,137,294
335,65335,2023-08-17,137,228
336,23553,2023-08-17,137,215
337,11990,2023-08-17,137,214
338,17692,2023-08-17,137,227
339,8954,2023-08-17,137,264
340,8814,2023-08-17,137,222
341,720,2023-08-17,137,338
342,2500,2023-08-17,137,225
343,19935,2023-08-17,137,230
344,21199,2023-08-17,137,219
345,1629,2023-08-17,112,339
346,5404,2023-08-17,112,218
347,39620,2023-08-17,112,224
348,32131,2023-08-17,112,220
349,28530,2023-08-17,112,333
350,38157,2023-08-17,112,229
351,72362,2023-08-17,112,216
352,2803,2023-08-17,112,228
353,12107,2023-08-17,112,312
354,8500,2023-08-17,112,226
355,12075,2023-08-17,112,223
356,23036,2023-08-17,112,213
357,26853,2023-08-17,112,215
358,45289,2023-08-17,112,296
359,66925,2023-08-17,112,221
360,14509,2023-08-17,112,227
361,16993,2023-08-17,112,222
362,71729,2023-08-17,112,338
363,44648,2023-08-17,112,337
364,26618,2023-08-17,112,217
365,16918,2023-08-17,112,347
366,7000,2023-08-17,112,346
367,18182,2023-08-17,112,225
368,14213,2023-08-17,112,230
369,6518,2023-08-17,112,212
370,11956,2023-08-17,111,339
371,8680,2023-08-17,111,340
372,25863,2023-08-17,111,218
373,17266,2023-08-17,111,304
374,78576,2023-08-17,111,224
375,28749,2023-08-17,111,220
376,30135,2023-08-17,111,333
377,97180,2023-08-17,111,229
378,47923,2023-08-17,111,216
379,3250,2023-08-17,111,294
380,38427,2023-08-17,111,228
381,26326,2023-08-17,111,312
382,9378,2023-08-17,111,226
383,10706,2023-08-17,111,223
384,42634,2023-08-17,111,313
385,64302,2023-08-17,111,213
386,62979,2023-08-17,111,215
387,67231,2023-08-17,111,296
388,69078,2023-08-17,111,336
389,20243,2023-08-17,111,233
390,65791,2023-08-17,111,221
391,71155,2023-08-17,111,214
392,29688,2023-08-17,111,227
393,42007,2023-08-17,111,264
394,19415,2023-08-17,111,222
395,7617,2023-08-17,111,338
396,45616,2023-08-17,111,337
397,53417,2023-08-17,111,217
398,21941,2023-08-17,111,347
399,19,2023-08-17,111,346
400,61241,2023-08-17,111,232
401,30579,2023-08-17,111,211
402,62640,2023-08-17,111,225
403,63369,2023-08-17,111,230
404,41883,2023-08-17,111,219
405,11000,2023-08-17,15,339
406,17703,2023-08-17,15,340
407,34567,2023-08-17,15,218
408,30798,2023-08-17,15,304
409,90907,2023-08-17,15,224
410,64664,2023-08-17,15,220
411,93229,2023-08-17,15,229
412,77334,2023-08-17,15,216
413,18000,2023-08-17,15,294
414,67035,2023-08-17,15,228
415,10451,2023-08-17,15,312
416,52992,2023-08-17,15,226
417,40019,2023-08-17,15,223
418,28547,2023-08-17,15,313
419,119700,2023-08-17,15,213
420,104451,2023-08-17,15,296
421,25287,2023-08-17,15,214
422,48950,2023-08-17,15,227
423,86322,2023-08-17,15,264
424,33801,2023-08-17,15,222
425,22244,2023-08-17,15,338
426,91310,2023-08-17,15,337
427,69787,2023-08-17,15,217
428,20000,2023-08-17,15,346
429,27859,2023-08-17,15,225
430,41490,2023-08-17,15,230
431,50438,2023-08-17,15,219
432,1200,2023-08-17,197,339
433,21844,2023-08-17,197,218
434,4600,2023-08-17,197,224
435,28973,2023-08-17,197,333
436,4514,2023-08-17,197,229
437,5000,2023-08-17,197,216
438,31680,2023-08-17,197,294
439,13198,2023-08-17,197,228
440,18040,2023-08-17,197,312
441,10000,2023-08-17,197,226
442,10000,2023-08-17,197,223
443,20956,2023-08-17,197,313
444,10448,2023-08-17,197,213
445,6595,2023-08-17,197,296
446,30747,2023-08-17,197,221
447,956,2023-08-17,197,227
448,2790,2023-08-17,197,222
449,10895,2023-08-17,197,338
450,12583,2023-08-17,197,337
451,14644,2023-08-17,197,217
452,4508,2023-08-17,197,347
453,6500,2023-08-17,197,346
454,1731,2023-08-17,197,232
455,22572,2023-08-17,197,211
456,6000,2023-08-17,197,225
457,10000,2023-08-17,197,212
458,24762,2023-08-17,19,339
459,16478,2023-08-17,19,340
460,150800,2023-08-17,19,224
461,40241,2023-08-17,19,333
462,156358,2023-08-17,19,229
463,83415,2023-08-17,19,216
464,100000,2023-08-17,19,228
465,50872,2023-08-17,19,226
466,44920,2023-08-17,19,223
467,97538,2023-08-17,19,313
468,66690,2023-08-17,19,213
469,13150,2023-08-17,19,215
470,72701,2023-08-17,19,233
471,192811,2023-08-17,19,221
472,87789,2023-08-17,19,214
473,73492,2023-08-17,19,227
474,88045,2023-08-17,19,264
475,34782,2023-08-17,19,222
476,7,2023-08-17,19,338
477,38000,2023-08-17,19,346
478,45759,2023-08-17,19,232
479,45911,2023-08-17,19,211
480,48254,2023-08-17,19,225
481,53392,2023-08-17,19,230
482,105,2023-08-17,19,219
483,132764,2023-08-17,19,212
484,6000,2023-08-17,130,339
485,7833,2023-08-17,130,340
486,27842,2023-08-17,130,218
487,13000,2023-08-17,130,224
488,60419,2023-08-17,130,215
489,43279,2023-08-17,130,214
490,6784,2023-08-17,130,227
491,592,2023-08-17,130,222
492,12500,2023-08-17,130,232
493,9000,2023-08-17,130,211
494,21490,2023-08-17,130,225
495,23802,2023-08-17,130,219
496,42500,2023-08-17,14,339
497,13546,2023-08-17,14,340
498,39104,2023-08-17,14,304
499,223135,2023-08-17,14,224
500,51474,2023-08-17,14,220
501,25500,2023-08-17,14,333
502,283723,2023-08-17,14,229
503,84749,2023-08-17,14,216
504,16022,2023-08-17,14,312
505,46427,2023-08-17,14,226
506,34720,2023-08-17,14,223
507,81152,2023-08-17,14,313
508,87380,2023-08-17,14,213
509,69503,2023-08-17,14,215
510,39175,2023-08-17,14,296
511,137000,2023-08-17,14,336
512,80856,2023-08-17,14,233
513,240342,2023-08-17,14,221
514,93921,2023-08-17,14,214
515,67783,2023-08-17,14,227
516,80259,2023-08-17,14,264
517,22304,2023-08-17,14,222
518,74637,2023-08-17,14,337
519,90984,2023-08-17,14,217
520,16509,2023-08-17,14,347
521,5000,2023-08-17,14,346
522,24633,2023-08-17,14,232
523,51282,2023-08-17,14,211
524,22500,2023-08-17,14,225
525,87448,2023-08-17,14,230
526,29000,2023-08-17,14,219
527,104127,2023-08-17,14,212
528,22110,2023-08-17,4,339
529,7300,2023-08-17,4,340
530,71848,2023-08-17,4,304
531,57889,2023-08-17,4,224
532,68815,2023-08-17,4,229
533,5680,2023-08-17,4,312
534,276222,2023-08-17,4,215
535,63830,2023-08-17,4,296
536,28004,2023-08-17,4,233
537,39681,2023-08-17,4,227
538,28209,2023-08-17,4,222
539,38384,2023-08-17,4,232
540,57283,2023-08-17,4,230
541,21246,2023-08-17,3,339
542,73808,2023-08-17,3,304
543,54000,2023-08-17,3,224
544,57627,2023-08-17,3,220
545,15000,2023-08-17,3,333
546,73937,2023-08-17,3,229
547,25000,2023-08-17,3,216
548,40489,2023-08-17,3,215
549,59488,2023-08-17,3,296
550,22750,2023-08-17,3,227
551,17998,2023-08-17,3,264
552,15587,2023-08-17,3,337
553,20852,2023-08-17,3,217
554,39566,2023-08-17,3,347
555,10444,2023-08-17,3,232
556,1232,2023-08-17,3,211
557,1090,2023-08-17,3,225
558,22874,2023-08-17,3,230
559,23156,2023-08-17,3,219
560,24032,2023-08-17,39,339
561,3440,2023-08-17,39,340
562,33197,2023-08-17,39,218
563,44283,2023-08-17,39,304
564,48777,2023-08-17,39,224
565,53403,2023-08-17,39,229
566,23943,2023-08-17,39,294
567,54531,2023-08-17,39,228
568,5671,2023-08-17,39,312
569,45478,2023-08-17,39,313
570,23447,2023-08-17,39,213
571,55054,2023-08-17,39,214
572,29416,2023-08-17,39,227
573,60629,2023-08-17,39,264
574,64180,2023-08-17,39,337
575,36873,2023-08-17,39,217
576,17331,2023-08-17,39,347
577,8550,2023-08-17,39,346
578,7500,2023-08-17,39,225
579,13370,2023-08-17,39,219
580,20671,2023-08-17,291,339
581,4000,2023-08-17,291,340
582,2337,2023-08-17,291,218
583,25700,2023-08-17,291,304
584,22361,2023-08-17,291,224
585,32802,2023-08-17,291,220
586,31727,2023-08-17,291,229
587,26023,2023-08-17,291,312
588,17074,2023-08-17,291,226
589,15531,2023-08-17,291,223
590,13107,2023-08-17,291,213
591,52957,2023-08-17,291,215
592,45936,2023-08-17,291,296
593,32297,2023-08-17,291,336
594,24737,2023-08-17,291,233
595,26181,2023-08-17,291,221
596,42698,2023-08-17,291,214
597,10879,2023-08-17,291,227
598,5740,2023-08-17,291,222
599,46546,2023-08-17,291,337
600,45334,2023-08-17,291,217
601,11566,2023-08-17,291,347
602,30728,2023-08-17,291,232
603,22574,2023-08-17,291,211
604,52023,2023-08-17,291,225
605,21615,2023-08-17,291,230
606,8001,2023-08-17,291,219
607,8340,2023-08-17,291,212
608,4803,2023-08-17,135,339
609,2000,2023-08-17,135,340
610,18639,2023-08-17,135,226
611,10255,2023-08-17,135,223
612,18312,2023-08-17,135,213
613,8392,2023-08-17,135,227
614,43245,2023-08-17,135,337
615,10052,2023-08-17,135,217
616,1000,2023-08-17,135,346
617,20710,2023-08-17,135,232
618,17935,2023-08-17,135,211
619,15280,2023-08-17,135,225
620,4727,2023-08-17,68,339
621,1753,2023-08-17,68,340
622,48766,2023-08-17,68,218
623,49006,2023-08-17,68,224
624,15701,2023-08-17,68,220
625,35118,2023-08-17,68,229
626,50343,2023-08-17,68,216
627,8763,2023-08-17,68,294
628,115384,2023-08-17,68,228
629,21754,2023-08-17,68,313
630,26522,2023-08-17,68,213
631,15604,2023-08-17,68,215
632,29910,2023-08-17,68,336
633,12608,2023-08-17,68,233
634,34123,2023-08-17,68,227
635,27363,2023-08-17,68,264
636,21178,2023-08-17,68,222
637,24041,2023-08-17,68,338
638,38770,2023-08-17,68,337
639,18696,2023-08-17,68,217
640,10327,2023-08-17,68,347
641,4642,2023-08-17,68,346
642,23436,2023-08-17,68,211
643,25000,2023-08-17,68,225
644,300,2023-08-17,68,230
645,7465,2023-08-17,20,339
646,7490,2023-08-17,20,340
647,34188,2023-08-17,20,218
648,57565,2023-08-17,20,224
649,51097,2023-08-17,20,229
650,62535,2023-08-17,20,228
651,154662,2023-08-17,20,215
652,59632,2023-08-17,20,233
653,166100,2023-08-17,20,221
654,35240,2023-08-17,20,227
655,15998,2023-08-17,20,222
656,36082,2023-08-17,20,337
657,12000,2023-08-17,20,346
658,65254,2023-08-17,20,232
659,40922,2023-08-17,20,225
660,74994,2023-08-17,20,230
661,230,2023-08-17,190,339
662,361,2023-08-17,190,304
663,330,2023-08-17,190,224
664,372,2023-08-17,190,229
665,235,2023-08-17,190,296
666,513,2023-08-17,190,336
667,1377,2023-08-17,190,221
668,4,2023-08-17,190,212
669,1427,2023-08-17,83,339
670,1328,2023-08-17,83,218
671,7994,2023-08-17,83,224
672,8050,2023-08-17,83,229
673,5235,2023-08-17,83,313
674,2300,2023-08-17,83,213
675,5217,2023-08-17,83,336
676,6213,2023-08-17,83,233
677,15565,2023-08-17,83,221
678,3167,2023-08-17,83,211
679,2152,2023-08-17,83,225
680,11715,2023-08-17,16,339
681,8514,2023-08-17,16,340
682,35855,2023-08-17,16,218
683,195942,2023-08-17,16,224
684,23506,2023-08-17,16,220
685,211266,2023-08-17,16,229
686,10000,2023-08-17,16,216
687,15000,2023-08-17,16,294
688,230126,2023-08-17,16,228
689,52960,2023-08-17,16,226
690,35997,2023-08-17,16,223
691,97311,2023-08-17,16,213
692,90360,2023-08-17,16,233
693,175275,2023-08-17,16,221
694,63697,2023-08-17,16,214
695,97381,2023-08-17,16,227
696,87275,2023-08-17,16,264
697,96263,2023-08-17,16,222
698,25753,2023-08-17,16,217
699,51847,2023-08-17,16,232
700,56984,2023-08-17,16,211
701,114033,2023-08-17,16,225
702,161208,2023-08-17,16,230
703,78271,2023-08-17,16,219
704,205774,2023-08-17,16,212
705,5365,2023-08-17,60,339
706,8450,2023-08-17,60,340
707,25810,2023-08-17,60,218
708,36322,2023-08-17,60,224
709,39475,2023-08-17,60,229
710,14776,2023-08-17,60,294
711,16946,2023-08-17,60,228
712,19836,2023-08-17,60,226
713,24426,2023-08-17,60,213
714,20112,2023-08-17,60,214
715,21681,2023-08-17,60,227
716,25984,2023-08-17,60,264
717,15470,2023-08-17,60,222
718,34367,2023-08-17,60,337
719,38329,2023-08-17,60,217
720,17847,2023-08-17,60,232
721,6708,2023-08-17,60,211
722,20631,2023-08-17,60,230
723,39851,2023-08-17,60,212
724,29174,2023-08-17,9,339
725,39419,2023-08-17,9,218
726,29286,2023-08-17,9,304
727,53090,2023-08-17,9,220
728,4800,2023-08-17,9,229
729,36000,2023-08-17,9,294
730,93686,2023-08-17,9,228
731,38083,2023-08-17,9,226
732,29000,2023-08-17,9,223
733,59501,2023-08-17,9,213
734,132441,2023-08-17,9,336
735,101464,2023-08-17,9,233
736,282104,2023-08-17,9,221
737,84627,2023-08-17,9,214
738,44511,2023-08-17,9,227
739,63000,2023-08-17,9,264
740,37320,2023-08-17,9,222
741,44674,2023-08-17,9,217
742,4820,2023-08-17,9,346
743,39803,2023-08-17,9,232
744,50017,2023-08-17,9,211
745,10000,2023-08-17,9,225
746,64155,2023-08-17,9,230
747,158650,2023-08-17,9,212
748,4980,2023-08-17,123,339
749,7900,2023-08-17,123,340
750,29300,2023-08-17,123,304
751,10516,2023-08-17,123,224
752,9000,2023-08-17,123,229
753,4000,2023-08-17,123,294
754,12000,2023-08-17,123,313
755,23974,2023-08-17,123,215
756,14537,2023-08-17,123,296
757,87322,2023-08-17,123,336
758,35294,2023-08-17,123,221
759,22754,2023-08-17,123,214
760,17958,2023-08-17,123,264
761,27380,2023-08-17,123,337
762,1700,2023-08-17,123,347
763,9000,2023-08-17,123,346
764,8239,2023-08-17,123,225
765,44547,2023-08-17,123,230
766,37951,2023-08-17,123,219
767,5952,2023-08-17,287,339
768,2400,2023-08-17,287,340
769,9577,2023-08-17,287,218
770,13382,2023-08-17,287,220
771,42958,2023-08-17,287,216
772,27307,2023-08-17,287,228
773,25953,2023-08-17,287,226
774,38110,2023-08-17,287,223
775,43267,2023-08-17,287,215
776,59689,2023-08-17,287,296
777,78947,2023-08-17,287,336
778,13944,2023-08-17,287,233
779,63812,2023-08-17,287,221
780,51055,2023-08-17,287,214
781,12000,2023-08-17,287,227
782,4000,2023-08-17,287,222
783,4000,2023-08-17,287,217
784,54513,2023-08-17,287,232
785,5000,2023-08-17,287,211
786,44541,2023-08-17,287,225
787,9970,2023-08-17,287,230
788,30711,2023-08-17,287,219
789,15653,2023-08-17,114,339
790,4991,2023-08-17,114,340
791,13236,2023-08-17,114,218
792,31598,2023-08-17,114,304
793,35490,2023-08-17,114,224
794,36944,2023-08-17,114,229
795,5000,2023-08-17,114,216
796,17000,2023-08-17,114,294
797,26738,2023-08-17,114,312
798,18734,2023-08-17,114,226
799,12967,2023-08-17,114,223
800,32401,2023-08-17,114,214
801,20358,2023-08-17,114,227
802,51571,2023-08-17,114,264
803,17162,2023-08-17,114,222
804,23901,2023-08-17,114,337
805,17592,2023-08-17,114,217
806,14399,2023-08-17,114,347
807,15000,2023-08-17,114,346
808,25578,2023-08-17,114,211
809,7502,2023-08-17,114,225
810,15993,2023-08-17,114,230
811,4110,2023-08-17,114,219
812,10896,2023-08-17,61,339
813,32074,2023-08-17,61,218
814,6991,2023-08-17,61,304
815,18859,2023-08-17,61,224
816,22509,2023-08-17,61,220
817,18096,2023-08-17,61,333
818,33142,2023-08-17,61,229
819,42191,2023-08-17,61,216
820,40330,2023-08-17,61,228
821,32860,2023-08-17,61,226
822,24637,2023-08-17,61,313
823,38396,2023-08-17,61,213
824,38774,2023-08-17,61,336
825,9701,2023-08-17,61,233
826,32910,2023-08-17,61,221
827,12693,2023-08-17,61,227
828,17966,2023-08-17,61,264
829,25914,2023-08-17,61,222
830,36897,2023-08-17,61,337
831,26158,2023-08-17,61,217
832,29524,2023-08-17,61,347
833,3000,2023-08-17,61,232
834,12919,2023-08-17,61,211
835,7100,2023-08-17,61,225
836,25325,2023-08-17,61,230
837,38698,2023-08-17,61,212
838,4852,2023-08-17,37,339
839,19898,2023-08-17,37,340
840,26634,2023-08-17,37,227
841,5000,2023-08-17,37,222
842,8393,2023-08-17,37,230
843,62124,2023-08-17,37,212
844,2698,2023-08-17,34,339
845,9500,2023-08-17,34,340
846,13554,2023-08-17,34,224
847,13246,2023-08-17,34,229
848,1500,2023-08-17,34,216
849,5716,2023-08-17,34,228
850,56978,2023-08-17,34,215
851,18656,2023-08-17,34,221
852,5000,2023-08-17,34,222
853,4026,2023-08-17,34,232
854,9271,2023-08-17,34,225
855,41909,2023-08-17,34,212
856,2,2023-08-17,182,339
857,7215,2023-08-17,182,220
858,2920,2023-08-17,182,333
859,3743,2023-08-17,182,294
860,12340,2023-08-17,182,228
861,7074,2023-08-17,182,214
862,5234,2023-08-17,182,264
863,720,2023-08-17,182,338
864,7000,2023-08-17,182,337
865,2000,2023-08-17,182,217
866,1843,2023-08-17,182,347
867,625,2023-08-17,182,346
868,16460,2023-08-17,182,211
869,15352,2023-08-17,182,225
870,4060,2023-08-17,182,230
871,290,2023-08-17,189,339
872,530,2023-08-17,189,304
873,545,2023-08-17,189,224
874,1840,2023-08-17,189,229
875,260,2023-08-17,189,312
876,1378,2023-08-17,189,296
877,999,2023-08-17,189,337
878,300,2023-08-17,189,217
879,220,2023-08-17,189,347
880,1003,2023-08-17,145,339
881,8900,2023-08-17,145,340
882,17000,2023-08-17,145,218
883,19900,2023-08-17,145,224
884,18994,2023-08-17,145,229
885,10800,2023-08-17,145,294
886,42500,2023-08-17,145,228
887,10000,2023-08-17,145,226
888,25000,2023-08-17,145,223
889,61674,2023-08-17,145,313
890,12800,2023-08-17,145,213
891,32268,2023-08-17,145,215
892,13191,2023-08-17,145,296
893,126299,2023-08-17,145,336
894,41960,2023-08-17,145,221
895,26000,2023-08-17,145,214
896,30771,2023-08-17,145,264
897,37654,2023-08-17,145,338
898,20675,2023-08-17,145,337
899,48673,2023-08-17,145,217
900,9560,2023-08-17,145,347
901,4000,2023-08-17,145,346
902,10209,2023-08-17,145,232
903,16000,2023-08-17,145,211
904,10575,2023-08-17,145,225
905,164001,2023-08-17,145,212
906,7049,2023-08-17,192,339
907,25773,2023-08-17,192,218
908,37594,2023-08-17,192,224
909,26218,2023-08-17,192,220
910,2991,2023-08-17,192,333
911,39002,2023-08-17,192,229
912,3000,2023-08-17,192,294
913,32841,2023-08-17,192,228
914,15161,2023-08-17,192,213
915,15426,2023-08-17,192,215
916,49500,2023-08-17,192,336
917,17772,2023-08-17,192,221
918,45277,2023-08-17,192,338
919,13756,2023-08-17,192,337
920,9871,2023-08-17,192,217
921,7500,2023-08-17,192,346
922,2495,2023-08-17,192,232
923,300,2023-08-17,192,211
924,16558,2023-08-17,132,339
925,4000,2023-08-17,132,340
926,25663,2023-08-17,132,304
927,11672,2023-08-17,132,228
928,22166,2023-08-17,132,214
929,9507,2023-08-17,132,227
930,17166,2023-08-17,132,264
931,1325,2023-08-17,132,222
932,65856,2023-08-17,132,232
933,52013,2023-08-17,132,211
934,53180,2023-08-17,132,225
935,61290,2023-08-17,132,230
936,35406,2023-08-17,132,219
937,53844,2023-08-17,132,212
938,10199,2023-08-17,2,339
939,13044,2023-08-17,2,340
940,19274,2023-08-17,2,218
941,8000,2023-08-17,2,224
942,33919,2023-08-17,2,220
943,73020,2023-08-17,2,333
944,10786,2023-08-17,2,229
945,68035,2023-08-17,2,216
946,11249,2023-08-17,2,228
947,25000,2023-08-17,2,227
948,37691,2023-08-17,2,264
949,25000,2023-08-17,2,222
950,34025,2023-08-17,2,338
951,9581,2023-08-17,2,230
952,10001,2023-08-17,2,219
953,27425,2023-08-17,2,212
954,1660,2023-08-17,32,339
955,3696,2023-08-17,32,340
956,12480,2023-08-17,32,224
957,12480,2023-08-17,32,229
958,17576,2023-08-17,32,228
959,10747,2023-08-17,32,223
960,14097,2023-08-17,32,215
961,64955,2023-08-17,32,214
962,24977,2023-08-17,32,227
963,66364,2023-08-17,32,264
964,6296,2023-08-17,32,222
965,31200,2023-08-17,32,232
966,31200,2023-08-17,32,211
967,22214,2023-08-17,32,225
968,23920,2023-08-17,32,230
969,103773,2023-08-17,32,212
970,6535,2023-08-17,161,339
971,10315,2023-08-17,161,224
972,11845,2023-08-17,161,229
973,4768,2023-08-17,198,339
974,3700,2023-08-17,198,340
975,13223,2023-08-17,198,218
976,22327,2023-08-17,198,220
977,11492,2023-08-17,198,333
978,13500,2023-08-17,198,294
979,36236,2023-08-17,198,228
980,14797,2023-08-17,198,213
981,12569,2023-08-17,198,233
982,34802,2023-08-17,198,221
983,1461,2023-08-17,198,338
984,5500,2023-08-17,198,346
985,15429,2023-08-17,198,232
986,20788,2023-08-17,198,211
987,16985,2023-08-17,198,225
988,28265,2023-08-17,198,230
989,22753,2023-08-17,198,219
990,720,2023-08-17,191,339
991,6555,2023-08-17,191,218
992,1200,2023-08-17,191,224
993,1200,2023-08-17,191,229
994,16007,2023-08-17,191,228
995,1500,2023-08-17,191,221
996,9535,2023-08-17,191,337
997,6004,2023-08-17,191,217
998,5000,2023-08-17,191,346
999,11623,2023-08-17,191,211
1000,1,2023-08-17,191,225
1001,2740,2023-08-17,98,339
1002,9355,2023-08-17,98,218
1003,3987,2023-08-17,98,304
1004,11300,2023-08-17,98,220
1005,4500,2023-08-17,98,294
1006,4950,2023-08-17,98,228
1007,14260,2023-08-17,98,213
1008,7688,2023-08-17,98,217
1009,5000,2023-08-17,98,225
1010,5584,2023-08-17,98,219
1011,12381,2023-08-17,279,339
1012,5200,2023-08-17,279,340
1013,4236,2023-08-17,279,218
1014,26700,2023-08-17,279,304
1015,40000,2023-08-17,279,220
1016,20474,2023-08-17,279,229
1017,10277,2023-08-17,279,226
1018,9687,2023-08-17,279,223
1019,60519,2023-08-17,279,313
1020,11200,2023-08-17,279,213
1021,15183,2023-08-17,279,233
1022,68085,2023-08-17,279,221
1023,7376,2023-08-17,279,227
1024,10000,2023-08-17,279,222
1025,16422,2023-08-17,279,337
1026,8067,2023-08-17,279,217
1027,9135,2023-08-17,279,347
1028,7000,2023-08-17,279,346
1029,30636,2023-08-17,279,232
1030,16365,2023-08-17,279,211
1031,4502,2023-08-17,279,225
1032,19770,2023-08-17,279,230
1033,9000,2023-08-17,279,219
1034,5009,2023-08-17,186,339
1035,12000,2023-08-17,186,304
1036,8836,2023-08-17,186,224
1037,10485,2023-08-17,186,229
1038,29151,2023-08-17,186,215
1039,10000,2023-08-17,186,337
1040,4190,2023-08-17,186,347
1041,6000,2023-08-17,186,211
1042,18482,2023-08-17,30,339
1043,6123,2023-08-17,30,340
1044,19373,2023-08-17,30,218
1045,21100,2023-08-17,30,304
1046,59367,2023-08-17,30,224
1047,33663,2023-08-17,30,220
1048,69938,2023-08-17,30,229
1049,5819,2023-08-17,30,228
1050,16053,2023-08-17,30,226
1051,10300,2023-08-17,30,223
1052,14488,2023-08-17,30,227
1053,5000,2023-08-17,30,222
1054,8289,2023-08-17,30,217
1055,12000,2023-08-17,30,346
1056,34174,2023-08-17,30,211
1057,12403,2023-08-17,30,225
1058,72076,2023-08-17,30,230
1059,8200,2023-08-17,30,219
1060,10491,2023-08-17,148,339
1061,4270,2023-08-17,148,340
1062,34651,2023-08-17,148,218
1063,49347,2023-08-17,148,224
1064,53092,2023-08-17,148,229
1065,85282,2023-08-17,148,312
1066,64472,2023-08-17,148,215
1067,80259,2023-08-17,148,296
1068,19000,2023-08-17,148,346
1069,31101,2023-08-17,148,232
1070,39270,2023-08-17,148,211
1071,6000,2023-08-17,148,225
1072,105607,2023-08-17,148,230
1073,1,2023-08-17,148,219
1074,1627,2023-08-17,155,339
1075,12784,2023-08-17,149,339
1076,35520,2023-08-17,149,224
1077,38757,2023-08-17,149,229
1078,7754,2023-08-17,149,338
1079,25000,2023-08-17,149,346
1080,1536,2023-08-17,149,211
1081,2200,2023-08-17,152,339
1082,36194,2023-08-17,152,340
1083,12956,2023-08-17,152,220
1084,44500,2023-08-17,152,333
1085,2750,2023-08-17,152,229
1086,19000,2023-08-17,152,216
1087,50000,2023-08-17,152,226
1088,50000,2023-08-17,152,223
1089,47101,2023-08-17,152,221
1090,31498,2023-08-17,152,338
1091,15000,2023-08-17,152,346
1092,19666,2023-08-17,152,232
1093,21071,2023-08-17,152,211
1094,34426,2023-08-17,152,225
1095,108893,2023-08-17,152,230
1096,33334,2023-08-17,152,219
1097,443,2023-08-17,199,339
1098,1036,2023-08-17,199,224
1099,1468,2023-08-17,199,229
1100,8798,2023-08-17,156,339
1101,40703,2023-08-17,156,224
1102,39070,2023-08-17,156,229
1103,2370,2023-08-17,174,339
1104,31809,2023-08-17,174,224
1105,29370,2023-08-17,174,229
1106,7358,2023-08-17,174,213
1107,6255,2023-08-17,141,339
1108,29500,2023-08-17,141,224
1109,50183,2023-08-17,141,229
1110,10,2023-08-17,141,338
1111,15000,2023-08-17,141,346
1112,7,2023-08-17,275,339
1113,113,2023-08-17,275,218
1114,89,2023-08-17,275,220
1115,104,2023-08-17,275,333
1116,130,2023-08-17,275,216
1117,64,2023-08-17,275,294
1118,97,2023-08-17,275,228
1119,75,2023-08-17,275,214
1120,42,2023-08-17,275,227
1121,71,2023-08-17,275,264
1122,63,2023-08-17,275,222
1123,49,2023-08-17,275,232
1124,49,2023-08-17,275,211
1125,185,2023-08-17,275,230
1126,5870,2023-08-17,274,339
1127,22675,2023-08-17,274,304
1128,4011,2023-08-17,274,224
1129,1476,2023-08-17,274,220
1130,1716,2023-08-17,274,333
1131,1979,2023-08-17,274,229
1132,2146,2023-08-17,274,216
1133,15228,2023-08-17,274,312
1134,400000,2023-08-17,312,339
1135,1000000,2023-08-17,312,218
1136,2000000,2023-08-17,312,304
1137,1300000,2023-08-17,312,224
1138,1500000,2023-08-17,312,333
1139,1300000,2023-08-17,312,229
1140,1000000,2023-08-17,312,216
1141,750000,2023-08-17,312,294
1142,1000000,2023-08-17,312,213
1143,2000000,2023-08-17,312,215
1144,3000000,2023-08-17,312,296
1145,250000,2023-08-17,312,336
1146,1500000,2023-08-17,312,214
1147,1500000,2023-08-17,312,264
1148,300000,2023-08-17,312,337
1149,150000,2023-08-17,312,217
1150,50000,2023-08-17,312,347
1151,250000,2023-08-17,312,212
1152,5000,2023-08-17,58,339
1153,10230,2023-08-17,58,304
1154,378,2023-08-17,58,338
1155,5000,2023-08-17,58,346
1156,27564,2023-08-17,58,232
1157,20464,2023-08-17,58,211
1158,8400,2023-08-17,58,225
1159,20043,2023-08-17,58,212
1160,5000,2023-08-17,309,339
1161,5000,2023-08-17,309,304
1162,5000,2023-08-17,309,224
1163,5000,2023-08-17,309,229
1164,4,2023-08-17,309,294
1165,16146,2023-08-17,309,313
1166,23854,2023-08-17,309,213
1167,10570,2023-08-17,309,336
1168,9066,2023-08-17,309,233
1169,11721,2023-08-17,309,221
1170,9216,2023-08-17,309,214
1171,5008,2023-08-17,309,227
1172,8812,2023-08-17,309,264
1173,7737,2023-08-17,309,222
1174,40000,2023-08-17,309,338
1175,10000,2023-08-17,309,217
1176,5000,2023-08-17,309,347
1177,1650,2023-08-17,309,346
1178,5001,2023-08-17,309,225
1179,17880,2023-08-17,309,230
1180,5000,2023-08-17,309,219
1181,13000,2023-08-17,309,212
1182,21121,2023-08-17,21,340
1183,8604,2023-08-17,21,218
1184,61197,2023-08-17,21,220
1185,78945,2023-08-17,21,216
1186,54249,2023-08-17,21,294
1187,18156,2023-08-17,21,228
1188,25580,2023-08-17,21,213
1189,54167,2023-08-17,21,233
1190,15646,2023-08-17,21,221
1191,73538,2023-08-17,21,214
1192,68545,2023-08-17,21,227
1193,68384,2023-08-17,21,264
1194,59254,2023-08-17,21,222
1195,13189,2023-08-17,21,338
1196,33967,2023-08-17,21,217
1197,68780,2023-08-17,21,232
1198,47432,2023-08-17,21,211
1199,65332,2023-08-17,21,225
1200,34023,2023-08-17,21,230
1201,36725,2023-08-17,21,219
1202,31232,2023-08-17,21,212
1203,4000,2023-08-17,142,340
1204,12788,2023-08-17,142,229
1205,59480,2023-08-17,142,216
1206,3000,2023-08-17,142,214
1207,6409,2023-08-17,142,227
1208,61434,2023-08-17,142,264
1209,7820,2023-08-17,142,222
1210,5816,2023-08-17,142,338
1211,18800,2023-08-17,142,337
1212,2633,2023-08-17,142,347
1213,19500,2023-08-17,142,346
1214,34091,2023-08-17,142,232
1215,17485,2023-08-17,142,211
1216,14000,2023-08-17,142,225
1217,1,2023-08-17,142,230
1218,12147,2023-08-17,142,219
1219,4884,2023-08-17,62,340
1220,5100,2023-08-17,62,333
1221,21285,2023-08-17,62,216
1222,21167,2023-08-17,62,226
1223,20948,2023-08-17,62,223
1224,2616,2023-08-17,62,233
1225,13,2023-08-17,62,214
1226,9778,2023-08-17,62,227
1227,8635,2023-08-17,62,222
1228,8244,2023-08-17,62,346
1229,8000,2023-08-17,62,232
1230,6435,2023-08-17,62,211
1231,28395,2023-08-17,62,230
1232,8329,2023-08-17,62,219
1233,3083,2023-08-17,81,340
1234,5316,2023-08-17,81,218
1235,2813,2023-08-17,81,304
1236,3409,2023-08-17,81,333
1237,11629,2023-08-17,81,216
1238,6639,2023-08-17,81,228
1239,2711,2023-08-17,81,213
1240,37047,2023-08-17,81,221
1241,1,2023-08-17,81,227
1242,4303,2023-08-17,81,230
1243,3122,2023-08-17,81,219
1244,5005,2023-08-17,48,340
1245,39,2023-08-17,48,338
1246,20881,2023-08-17,31,340
1247,3184,2023-08-17,31,220
1248,7138,2023-08-17,31,228
1249,1,2023-08-17,31,226
1250,140443,2023-08-17,31,336
1251,13358,2023-08-17,31,221
1252,13000,2023-08-17,31,346
1253,5000,2023-08-17,31,225
1254,10500,2023-08-17,31,230
1255,13855,2023-08-17,31,219
1256,10000,2023-08-17,185,340
1257,45521,2023-08-17,185,294
1258,8500,2023-08-17,185,338
1259,246726,2023-08-17,185,230
1260,48578,2023-08-17,185,219
1261,6150,2023-08-17,64,340
1262,3911,2023-08-17,64,218
1263,2405,2023-08-17,64,224
1264,20677,2023-08-17,64,229
1265,2171,2023-08-17,64,338
1266,12017,2023-08-17,64,232
1267,14188,2023-08-17,64,211
1268,14683,2023-08-17,64,225
1269,125,2023-08-17,64,230
1270,300000,2023-08-17,344,340
1271,250000,2023-08-17,344,219
1272,184725,2023-08-17,227,340
1273,60950,2023-08-17,227,218
1274,200000,2023-08-17,227,232
1275,116273,2023-08-17,221,340
1276,87100,2023-08-17,221,218
1277,613100,2023-08-17,221,228
1278,568600,2023-08-17,221,217
1279,300000,2023-08-17,221,232
1280,1090000,2023-08-17,221,225
1281,1509054,2023-08-17,221,212
1282,9415,2023-08-17,160,340
1283,26219,2023-08-17,160,232
1284,24042,2023-08-17,160,211
1285,34707,2023-08-17,160,225
1286,19841,2023-08-17,160,212
1287,343,2023-08-17,119,340
1288,1000,2023-08-17,119,218
1289,19000,2023-08-17,119,304
1290,3000,2023-08-17,119,346
1291,9000,2023-08-17,119,211
1292,187,2023-08-17,119,230
1293,6650,2023-08-17,171,340
1294,23316,2023-08-17,171,224
1295,17970,2023-08-17,171,220
1296,24200,2023-08-17,171,333
1297,24000,2023-08-17,171,229
1298,10920,2023-08-17,171,294
1299,29000,2023-08-17,171,228
1300,32575,2023-08-17,171,214
1301,22000,2023-08-17,171,264
1302,6000,2023-08-17,171,211
1303,7000,2023-08-17,171,225
1304,5600,2023-08-17,258,340
1305,14612,2023-08-17,258,214
1306,600,2023-08-17,258,338
1307,23800,2023-08-17,258,232
1308,14000,2023-08-17,258,211
1309,3836,2023-08-17,172,340
1310,31690,2023-08-17,172,220
1311,4000,2023-08-17,172,333
1312,37759,2023-08-17,172,216
1313,4525,2023-08-17,172,294
1314,11632,2023-08-17,172,213
1315,23961,2023-08-17,172,214
1316,15450,2023-08-17,172,264
1317,8500,2023-08-17,172,225
1318,2999,2023-08-17,38,340
1319,1,2023-08-17,38,226
1320,95575,2023-08-17,38,336
1321,28176,2023-08-17,38,227
1322,575,2023-08-17,38,222
1323,42708,2023-08-17,38,230
1324,26693,2023-08-17,38,219
1325,14250,2023-08-17,13,340
1326,92175,2023-08-17,13,218
1327,60000,2023-08-17,13,333
1328,63399,2023-08-17,13,216
1329,15382,2023-08-17,13,228
1330,29351,2023-08-17,13,226
1331,18180,2023-08-17,13,223
1332,120819,2023-08-17,13,213
1333,156307,2023-08-17,13,336
1334,79473,2023-08-17,13,233
1335,151963,2023-08-17,13,221
1336,29830,2023-08-17,13,227
1337,4949,2023-08-17,13,222
1338,50684,2023-08-17,13,337
1339,47727,2023-08-17,13,217
1340,20237,2023-08-17,13,346
1341,20450,2023-08-17,13,232
1342,11249,2023-08-17,13,225
1343,145624,2023-08-17,13,212
1344,420,2023-08-17,66,340
1345,9480,2023-08-17,251,340
1346,26537,2023-08-17,251,218
1347,2665,2023-08-17,251,294
1348,14534,2023-08-17,251,313
1349,2500,2023-08-17,251,213
1350,6093,2023-08-17,246,340
1351,8244,2023-08-17,246,218
1352,7500,2023-08-17,246,346
1353,15000,2023-08-17,246,211
1354,7200,2023-08-17,246,225
1355,21116,2023-08-17,164,340
1356,10000,2023-08-17,164,220
1357,10000,2023-08-17,164,333
1358,3000,2023-08-17,164,216
1359,16814,2023-08-17,164,213
1360,49454,2023-08-17,164,230
1361,66400,2023-08-17,164,219
1362,838,2023-08-17,90,218
1363,1,2023-08-17,90,228
1364,1,2023-08-17,90,227
1365,3561,2023-08-17,92,218
1366,2857,2023-08-17,92,228
1367,37927,2023-08-17,92,336
1368,14449,2023-08-17,92,232
1369,11162,2023-08-17,92,225
1370,2037,2023-08-17,92,230
1371,1950,2023-08-17,247,218
1372,600,2023-08-17,247,225
1373,1935,2023-08-17,247,230
1374,1027,2023-08-17,239,218
1375,79,2023-08-17,239,229
1376,685,2023-08-17,239,228
1377,338,2023-08-17,239,233
1378,176,2023-08-17,239,221
1379,513,2023-08-17,239,214
1380,343,2023-08-17,239,227
1381,343,2023-08-17,239,222
1382,1308,2023-08-17,239,337
1383,1713,2023-08-17,239,217
1384,50,2023-08-17,239,225
1385,604,2023-08-17,239,230
1386,860,2023-08-17,248,218
1387,441,2023-08-17,248,228
1388,99,2023-08-17,248,336
1389,607,2023-08-17,248,337
1390,497,2023-08-17,248,217
1391,941,2023-08-17,248,230
1392,491,2023-08-17,248,219
1393,1063,2023-08-17,248,212
1394,1016,2023-08-17,85,218
1395,1212,2023-08-17,85,216
1396,6350,2023-08-17,85,294
1397,16251,2023-08-17,85,228
1398,1840,2023-08-17,85,223
1399,4950,2023-08-17,85,338
1400,2016,2023-08-17,85,337
1401,11357,2023-08-17,85,217
1402,4491,2023-08-17,85,346
1403,4300,2023-08-17,85,211
1404,1812,2023-08-17,85,225
1405,17,2023-08-17,85,219
1406,2137,2023-08-17,85,212
1407,8100,2023-08-17,70,218
1408,9192,2023-08-17,70,333
1409,12088,2023-08-17,70,294
1410,11000,2023-08-17,70,228
1411,31345,2023-08-17,70,232
1412,10179,2023-08-17,70,211
1413,33030,2023-08-17,70,225
1414,13369,2023-08-17,70,230
1415,14530,2023-08-17,70,219
1416,24006,2023-08-17,70,212
1417,3948,2023-08-17,101,218
1418,7388,2023-08-17,101,220
1419,7386,2023-08-17,101,216
1420,6310,2023-08-17,101,228
1421,19628,2023-08-17,101,221
1422,18,2023-08-17,101,222
1423,300,2023-08-17,101,232
1424,901,2023-08-17,101,225
1425,487,2023-08-17,102,218
1426,82,2023-08-17,102,227
1427,470,2023-08-17,102,222
1428,244,2023-08-17,103,218
1429,3,2023-08-17,103,228
1430,7705,2023-08-17,80,218
1431,10874,2023-08-17,80,220
1432,17054,2023-08-17,80,216
1433,3850,2023-08-17,80,228
1434,5346,2023-08-17,80,227
1435,5132,2023-08-17,80,222
1436,4361,2023-08-17,256,218
1437,1134,2023-08-17,256,294
1438,525,2023-08-17,256,228
1439,394,2023-08-17,256,336
1440,388,2023-08-17,256,217
1441,406,2023-08-17,256,225
1442,862,2023-08-17,256,230
1443,450,2023-08-17,256,219
1444,7513,2023-08-17,67,218
1445,1830,2023-08-17,67,294
1446,2892,2023-08-17,67,228
1447,14063,2023-08-17,67,213
1448,8785,2023-08-17,67,233
1449,17323,2023-08-17,67,232
1450,7757,2023-08-17,67,211
1451,7777,2023-08-17,67,230
1452,12078,2023-08-17,67,212
1453,8897,2023-08-17,235,218
1454,137,2023-08-17,235,221
1455,1043,2023-08-17,89,218
1456,2028,2023-08-17,89,228
1457,10204,2023-08-17,89,336
1458,14263,2023-08-17,89,221
1459,502,2023-08-17,89,230
1460,14875,2023-08-17,292,218
1461,46329,2023-08-17,292,213
1462,53352,2023-08-17,292,336
1463,500,2023-08-17,292,222
1464,2925,2023-08-17,292,230
1465,20325,2023-08-17,144,218
1466,12871,2023-08-17,144,228
1467,26268,2023-08-17,144,338
1468,18850,2023-08-17,144,217
1469,43875,2023-08-17,144,232
1470,45077,2023-08-17,144,211
1471,60107,2023-08-17,144,225
1472,69604,2023-08-17,144,230
1473,27678,2023-08-17,144,219
1474,20138,2023-08-17,144,212
1475,42223,2023-08-17,259,218
1476,22035,2023-08-17,259,294
1477,5000,2023-08-17,259,346
1478,2620,2023-08-17,259,225
1479,6328,2023-08-17,201,218
1480,9510,2023-08-17,201,220
1481,15323,2023-08-17,201,216
1482,26420,2023-08-17,201,312
1483,24090,2023-08-17,201,213
1484,11705,2023-08-17,201,215
1485,20628,2023-08-17,201,337
1486,8400,2023-08-17,201,217
1487,18533,2023-08-17,201,347
1488,17050,2023-08-17,201,346
1489,9207,2023-08-17,201,219
1490,4829,2023-08-17,249,218
1491,7965,2023-08-17,249,213
1492,4644,2023-08-17,269,218
1493,1573,2023-08-17,269,294
1494,500,2023-08-17,269,228
1495,507,2023-08-17,269,336
1496,3984,2023-08-17,269,221
1497,6050,2023-08-17,269,337
1498,750,2023-08-17,269,217
1499,6015,2023-08-17,269,347
1500,2450,2023-08-17,272,218
1501,3680,2023-08-17,272,294
1502,2100,2023-08-17,272,228
1503,2638,2023-08-17,272,337
1504,3150,2023-08-17,272,217
1505,11800,2023-08-17,272,347
1506,862,2023-08-17,305,218
1507,792,2023-08-17,305,333
1508,989,2023-08-17,305,216
1509,739,2023-08-17,305,228
1510,1231,2023-08-17,305,296
1511,737,2023-08-17,305,221
1512,568,2023-08-17,305,214
1513,311,2023-08-17,305,227
1514,543,2023-08-17,305,264
1515,477,2023-08-17,305,222
1516,2463,2023-08-17,305,338
1517,284,2023-08-17,305,346
1518,673,2023-08-17,305,225
1519,36822,2023-08-17,153,218
1520,22110,2023-08-17,153,294
1521,1505,2023-08-17,153,338
1522,5893,2023-08-17,153,346
1523,4380,2023-08-17,153,230
1524,18507,2023-08-17,276,218
1525,15570,2023-08-17,276,294
1526,4999,2023-08-17,276,228
1527,16662,2023-08-17,276,213
1528,9165,2023-08-17,276,337
1529,7498,2023-08-17,276,217
1530,500000,2023-08-17,338,218
1531,125000,2023-08-17,338,224
1532,500000,2023-08-17,338,220
1533,125000,2023-08-17,338,229
1534,500000,2023-08-17,338,216
1535,250000,2023-08-17,338,228
1536,249900,2023-08-17,338,226
1537,250000,2023-08-17,338,223
1538,751600,2023-08-17,338,215
1539,100000,2023-08-17,338,233
1540,250000,2023-08-17,338,227
1541,500000,2023-08-17,338,264
1542,250000,2023-08-17,338,222
1543,250000,2023-08-17,338,232
1544,425000,2023-08-17,338,211
1545,325000,2023-08-17,338,225
1546,1000000,2023-08-17,338,230
1547,1000000,2023-08-17,338,219
1548,400000,2023-08-17,338,212
1549,250000,2023-08-17,337,218
1550,250000,2023-08-17,337,224
1551,500000,2023-08-17,337,220
1552,500000,2023-08-17,337,216
1553,250000,2023-08-17,337,228
1554,200000,2023-08-17,337,226
1555,200000,2023-08-17,337,223
1556,1000000,2023-08-17,337,213
1557,38270,2023-08-17,337,338
1558,150000,2023-08-17,337,232
1559,250000,2023-08-17,337,211
1560,100000,2023-08-17,337,225
1561,2250000,2023-08-17,337,212
1562,41923,2023-08-17,219,218
1563,16670,2023-08-17,211,218
1564,29220,2023-08-17,211,228
1565,150000,2023-08-17,264,218
1566,500000,2023-08-17,264,220
1567,250000,2023-08-17,264,229
1568,1000000,2023-08-17,264,216
1569,150000,2023-08-17,264,228
1570,250000,2023-08-17,264,226
1571,250000,2023-08-17,264,223
1572,500000,2023-08-17,264,213
1573,300000,2023-08-17,264,233
1574,250000,2023-08-17,264,232
1575,250000,2023-08-17,264,211
1576,250000,2023-08-17,264,225
1577,3000000,2023-08-17,264,212
1578,250000,2023-08-17,336,218
1579,250000,2023-08-17,336,224
1580,250000,2023-08-17,336,229
1581,500000,2023-08-17,336,216
1582,250000,2023-08-17,336,228
1583,300000,2023-08-17,336,226
1584,200000,2023-08-17,336,223
1585,100000,2023-08-17,336,213
1586,750000,2023-08-17,336,215
1587,100000,2023-08-17,336,227
1588,300000,2023-08-17,336,264
1589,500000,2023-08-17,336,338
1590,400000,2023-08-17,336,337
1591,250000,2023-08-17,336,232
1592,250000,2023-08-17,336,211
1593,250000,2023-08-17,336,225
1594,1000000,2023-08-17,336,219
1595,400000,2023-08-17,336,212
1596,250000,2023-08-17,296,218
1597,500000,2023-08-17,296,224
1598,500000,2023-08-17,296,220
1599,1500000,2023-08-17,296,333
1600,500000,2023-08-17,296,229
1601,250000,2023-08-17,296,294
1602,250000,2023-08-17,296,228
1603,2500000,2023-08-17,296,226
1604,1500000,2023-08-17,296,223
1605,1000000,2023-08-17,296,213
1606,400000,2023-08-17,296,336
1607,200000,2023-08-17,296,233
1608,1000000,2023-08-17,296,214
1609,1000000,2023-08-17,296,264
1610,1913400,2023-08-17,296,337
1611,200000,2023-08-17,296,217
1612,250000,2023-08-17,296,211
1613,250000,2023-08-17,296,225
1614,400000,2023-08-17,296,212
1615,250000,2023-08-17,213,218
1616,250000,2023-08-17,213,228
1617,100000,2023-08-17,213,223
1618,4035262,2023-08-17,213,215
1619,500000,2023-08-17,213,227
1620,500000,2023-08-17,213,222
1621,1000000,2023-08-17,213,217
1622,250000,2023-08-17,213,232
1623,250000,2023-08-17,213,225
1624,750000,2023-08-17,313,218
1625,500000,2023-08-17,313,304
1626,250000,2023-08-17,313,224
1627,500000,2023-08-17,313,333
1628,250000,2023-08-17,313,229
1629,500000,2023-08-17,313,294
1630,750000,2023-08-17,313,228
1631,1000000,2023-08-17,313,312
1632,500000,2023-08-17,313,296
1633,25000,2023-08-17,313,336
1634,500000,2023-08-17,313,264
1635,500000,2023-08-17,313,222
1636,1000000,2023-08-17,313,337
1637,50000,2023-08-17,313,212
1638,250000,2023-08-17,216,218
1639,157700,2023-08-17,216,228
1640,1226360,2023-08-17,216,217
1641,154840,2023-08-17,216,232
1642,200000,2023-08-17,333,218
1643,1000000,2023-08-17,333,224
1644,1000000,2023-08-17,333,229
1645,100000,2023-08-17,333,294
1646,200000,2023-08-17,333,228
1647,2000000,2023-08-17,333,226
1648,2000000,2023-08-17,333,223
1649,500000,2023-08-17,333,213
1650,250000,2023-08-17,333,336
1651,1500000,2023-08-17,333,214
1652,1000000,2023-08-17,333,227
1653,1500000,2023-08-17,333,264
1654,1000000,2023-08-17,333,222
1655,1517545,2023-08-17,333,338
1656,1499700,2023-08-17,333,337
1657,500000,2023-08-17,333,217
1658,1250000,2023-08-17,333,211
1659,1250000,2023-08-17,333,225
1660,56399,2023-08-17,220,218
1661,87000,2023-08-17,220,228
1662,150000,2023-08-17,220,227
1663,150000,2023-08-17,220,222
1664,100275,2023-08-17,220,338
1665,500000,2023-08-17,220,211
1666,500000,2023-08-17,220,225
1667,3500,2023-08-17,314,218
1668,5000,2023-08-17,314,220
1669,5000,2023-08-17,314,333
1670,5000,2023-08-17,314,216
1671,3500,2023-08-17,314,294
1672,3000,2023-08-17,314,228
1673,3000,2023-08-17,314,227
1674,4000,2023-08-17,314,264
1675,3000,2023-08-17,314,222
1676,26716,2023-08-17,314,338
1677,3500,2023-08-17,314,211
1678,5000,2023-08-17,314,225
1679,6169,2023-08-17,196,218
1680,5473,2023-08-17,196,220
1681,2500,2023-08-17,196,228
1682,6169,2023-08-17,293,218
1683,2592,2023-08-17,293,294
1684,1794,2023-08-17,293,228
1685,1383,2023-08-17,293,214
1686,764,2023-08-17,293,227
1687,1159,2023-08-17,293,222
1688,8990,2023-08-17,293,346
1689,1350,2023-08-17,266,218
1690,1350,2023-08-17,266,294
1691,1157,2023-08-17,266,228
1692,5950,2023-08-17,195,218
1693,14837,2023-08-17,195,294
1694,10454,2023-08-17,195,228
1695,1,2023-08-17,195,226
1696,6013,2023-08-17,195,232
1697,113400,2023-08-17,298,218
1698,35500,2023-08-17,298,294
1699,105000,2023-08-17,298,228
1700,120706,2023-08-17,298,337
1701,120625,2023-08-17,298,217
1702,99778,2023-08-17,298,212
1703,2500,2023-08-17,65,304
1704,8000,2023-08-17,65,333
1705,1938,2023-08-17,65,229
1706,12000,2023-08-17,65,294
1707,23230,2023-08-17,65,228
1708,14606,2023-08-17,65,214
1709,9698,2023-08-17,65,227
1710,1989,2023-08-17,65,264
1711,5000,2023-08-17,65,222
1712,64503,2023-08-17,65,338
1713,3975,2023-08-17,65,211
1714,12000,2023-08-17,65,225
1715,648,2023-08-17,65,230
1716,1615,2023-08-17,65,219
1717,207,2023-08-17,65,212
1718,12900,2023-08-17,128,304
1719,41874,2023-08-17,128,224
1720,58726,2023-08-17,128,229
1721,6000,2023-08-17,55,304
1722,2250,2023-08-17,55,224
1723,5223,2023-08-17,55,229
1724,14470,2023-08-17,265,304
1725,28760,2023-08-17,265,224
1726,28980,2023-08-17,265,229
1727,8606,2023-08-17,265,312
1728,18688,2023-08-17,265,213
1729,44293,2023-08-17,265,215
1730,28452,2023-08-17,265,296
1731,50300,2023-08-17,265,337
1732,24367,2023-08-17,265,347
1733,21630,2023-08-17,265,346
1734,40190,2023-08-17,265,211
1735,29307,2023-08-17,265,225
1736,2388,2023-08-17,75,304
1737,38905,2023-08-17,75,221
1738,2257,2023-08-17,75,338
1739,5026,2023-08-17,75,230
1740,3105,2023-08-17,73,304
1741,2602,2023-08-17,59,224
1742,3925,2023-08-17,59,229
1743,4946,2023-08-17,84,224
1744,3530,2023-08-17,84,229
1745,20000,2023-08-17,84,214
1746,20000,2023-08-17,84,264
1747,10249,2023-08-17,84,222
1748,8400,2023-08-17,183,224
1749,195,2023-08-17,110,224
1750,391,2023-08-17,110,220
1751,195,2023-08-17,110,229
1752,195,2023-08-17,110,226
1753,195,2023-08-17,110,223
1754,174,2023-08-17,110,233
1755,217,2023-08-17,110,221
1756,195,2023-08-17,110,227
1757,195,2023-08-17,110,222
1758,391,2023-08-17,110,338
1759,235,2023-08-17,110,232
1760,211,2023-08-17,110,225
1761,268,2023-08-17,110,230
1762,178,2023-08-17,110,219
1763,6121,2023-08-17,176,224
1764,3780,2023-08-17,176,229
1765,78323,2023-08-17,176,338
1766,2645,2023-08-17,176,347
1767,2191,2023-08-17,261,224
1768,6027,2023-08-17,261,228
1769,5626,2023-08-17,261,227
1770,6499,2023-08-17,261,222
1771,5500,2023-08-17,261,346
1772,34097,2023-08-17,261,232
1773,20150,2023-08-17,261,211
1774,15000,2023-08-17,261,225
1775,45776,2023-08-17,261,230
1776,300000,2023-08-17,294,224
1777,300000,2023-08-17,294,229
1778,500000,2023-08-17,294,216
1779,1500000,2023-08-17,294,226
1780,1500000,2023-08-17,294,223
1781,500000,2023-08-17,294,213
1782,200000,2023-08-17,294,336
1783,2000000,2023-08-17,294,227
1784,1500000,2023-08-17,294,264
1785,1500000,2023-08-17,294,222
1786,750000,2023-08-17,294,338
1787,300000,2023-08-17,294,337
1788,200000,2023-08-17,294,217
1789,150000,2023-08-17,294,212
1790,700000,2023-08-17,301,224
1791,1000000,2023-08-17,301,220
1792,700000,2023-08-17,301,229
1793,1000000,2023-08-17,301,216
1794,400000,2023-08-17,301,294
1795,500000,2023-08-17,301,228
1796,2000000,2023-08-17,301,226
1797,2000000,2023-08-17,301,223
1798,500000,2023-08-17,301,213
1799,500000,2023-08-17,301,336
1800,1000000,2023-08-17,301,214
1801,2000000,2023-08-17,301,264
1802,1000000,2023-08-17,301,338
1803,1500000,2023-08-17,301,337
1804,250000,2023-08-17,301,217
1805,500000,2023-08-17,301,211
1806,500000,2023-08-17,301,225
1807,250000,2023-08-17,347,224
1808,250000,2023-08-17,347,229
1809,1100000,2023-08-17,347,296
1810,200000,2023-08-17,346,224
1811,200000,2023-08-17,346,229
1812,500000,2023-08-17,346,216
1813,500000,2023-08-17,346,215
1814,250000,2023-08-17,346,336
1815,250000,2023-08-17,346,233
1816,250000,2023-08-17,346,264
1817,250000,2023-08-17,346,222
1818,750000,2023-08-17,346,338
1819,1000000,2023-08-17,346,337
1820,500000,2023-08-17,346,217
1821,12,2023-08-17,238,220
1822,1861,2023-08-17,238,215
1823,145,2023-08-17,238,214
1824,96,2023-08-17,238,227
1825,106,2023-08-17,238,222
1826,1272,2023-08-17,238,217
1827,26759,2023-08-17,133,220
1828,5000,2023-08-17,133,216
1829,22493,2023-08-17,179,220
1830,31830,2023-08-17,179,216
1831,4303,2023-08-17,179,338
1832,7694,2023-08-17,179,212
1833,3707,2023-08-17,283,220
1834,5388,2023-08-17,283,216
1835,5,2023-08-17,283,294
1836,9095,2023-08-17,283,213
1837,7,2023-08-17,283,214
1838,2941,2023-08-17,283,230
1839,2,2023-08-17,283,212
1840,1410,2023-08-17,286,220
1841,1639,2023-08-17,286,333
1842,2049,2023-08-17,286,216
1843,2550,2023-08-17,286,296
1844,4194,2023-08-17,286,221
1845,800,2023-08-17,286,230
1846,1034,2023-08-17,290,220
1847,1203,2023-08-17,290,333
1848,503,2023-08-17,290,216
1849,1309,2023-08-17,290,294
1850,1500,2023-08-17,290,232
1851,1500,2023-08-17,290,211
1852,1822,2023-08-17,290,230
1853,1326,2023-08-17,282,220
1854,1542,2023-08-17,282,333
1855,1927,2023-08-17,282,216
1856,1678,2023-08-17,282,294
1857,6366,2023-08-17,295,220
1858,7402,2023-08-17,295,333
1859,9252,2023-08-17,295,216
1860,23020,2023-08-17,295,213
1861,5027,2023-08-17,193,220
1862,78470,2023-08-17,193,338
1863,2500,2023-08-17,193,346
1864,1597400,2023-08-17,217,220
1865,40000,2023-08-17,217,228
1866,50000,2023-08-17,217,223
1867,164041,2023-08-17,217,296
1868,1000000,2023-08-17,217,227
1869,700000,2023-08-17,217,222
1870,231005,2023-08-17,210,220
1871,249200,2023-08-17,210,216
1872,19850,2023-08-17,210,226
1873,200000,2023-08-17,210,223
1874,966869,2023-08-17,210,217
1875,10,2023-08-17,310,333
1876,6495,2023-08-17,241,333
1877,5978,2023-08-17,241,313
1878,2763,2023-08-17,241,213
1879,2242,2023-08-17,241,337
1880,2000,2023-08-17,241,217
1881,1032,2023-08-17,241,347
1882,5,2023-08-17,241,230
1883,10000,2023-08-17,63,333
1884,6986,2023-08-17,63,216
1885,14403,2023-08-17,63,228
1886,15382,2023-08-17,63,227
1887,18384,2023-08-17,63,222
1888,9473,2023-08-17,63,338
1889,8220,2023-08-17,63,217
1890,7475,2023-08-17,63,346
1891,344,2023-08-17,63,211
1892,2546,2023-08-17,63,225
1893,3000,2023-08-17,63,230
1894,1340,2023-08-17,63,219
1895,12822,2023-08-17,63,212
1896,21500,2023-08-17,158,333
1897,697,2023-08-17,334,333
1898,871,2023-08-17,334,216
1899,1083,2023-08-17,334,296
1900,500,2023-08-17,334,214
1901,273,2023-08-17,334,227
1902,478,2023-08-17,334,264
1903,419,2023-08-17,334,222
1904,14200,2023-08-17,167,333
1905,16000,2023-08-17,167,346
1906,1500,2023-08-17,124,333
1907,14010,2023-08-17,115,229
1908,53870,2023-08-17,115,214
1909,5,2023-08-17,273,216
1910,14560,2023-08-17,273,213
1911,4421,2023-08-17,273,336
1912,8008,2023-08-17,273,337
1913,6552,2023-08-17,273,217
1914,7690,2023-08-17,273,230
1915,237,2023-08-17,277,294
1916,206,2023-08-17,277,336
1917,211,2023-08-17,277,221
1918,157,2023-08-17,277,214
1919,88,2023-08-17,277,227
1920,150,2023-08-17,277,264
1921,132,2023-08-17,277,222
1922,373,2023-08-17,277,337
1923,305,2023-08-17,277,217
1924,229,2023-08-17,277,230
1925,5000,2023-08-17,122,294
1926,8930,2023-08-17,122,228
1927,7770,2023-08-17,122,214
1928,980,2023-08-17,270,294
1929,850,2023-08-17,270,336
1930,646,2023-08-17,267,294
1931,2800,2023-08-17,271,294
1932,8000,2023-08-17,271,213
1933,1742,2023-08-17,284,294
1934,4977,2023-08-17,284,213
1935,2850,2023-08-17,284,230
1936,147551,2023-08-17,299,228
1937,54870,2023-08-17,299,217
1938,82416,2023-08-17,299,232
1939,97052,2023-08-17,299,225
1940,37790,2023-08-17,29,228
1941,1,2023-08-17,29,230
1942,10500,2023-08-17,29,212
1943,1,2023-08-17,96,228
1944,973,2023-08-17,96,223
1945,4979,2023-08-17,96,346
1946,10562,2023-08-17,96,211
1947,389,2023-08-17,79,228
1948,2669,2023-08-17,100,228
1949,3117,2023-08-17,100,221
1950,17,2023-08-17,100,230
1951,1927,2023-08-17,106,228
1952,2280,2023-08-17,106,338
1953,7708,2023-08-17,106,225
1954,2847,2023-08-17,97,228
1955,5,2023-08-17,97,230
1956,3510,2023-08-17,99,228
1957,16579,2023-08-17,99,232
1958,11135,2023-08-17,99,225
1959,207000,2023-08-17,225,228
1960,304800,2023-08-17,225,233
1961,250000,2023-08-17,225,227
1962,259520,2023-08-17,225,230
1963,488980,2023-08-17,225,219
1964,1717379,2023-08-17,225,212
1965,74314,2023-08-17,232,228
1966,54866,2023-08-17,232,312
1967,115409,2023-08-17,232,338
1968,119822,2023-08-17,232,217
1969,100000,2023-08-17,214,228
1970,100000,2023-08-17,214,223
1971,4000000,2023-08-17,214,215
1972,1000000,2023-08-17,214,217
1973,85000,2023-08-17,224,228
1974,1000000,2023-08-17,224,213
1975,1000000,2023-08-17,224,296
1976,229067,2023-08-17,224,338
1977,923600,2023-08-17,224,225
1978,3000,2023-08-17,194,228
1979,27500,2023-08-17,175,312
1980,33475,2023-08-17,297,312
1981,49286,2023-08-17,297,215
1982,6,2023-08-17,297,227
1983,22859,2023-08-17,297,211
1984,20677,2023-08-17,297,225
1985,57671,2023-08-17,233,312
1986,195740,2023-08-17,233,217
1987,425000,2023-08-17,233,211
1988,74100,2023-08-17,233,219
1989,11700,2023-08-17,46,226
1990,11108,2023-08-17,46,223
1991,1,2023-08-17,50,226
1992,35000,2023-08-17,173,226
1993,35000,2023-08-17,173,223
1994,15358,2023-08-17,252,226
1995,15620,2023-08-17,252,223
1996,25350,2023-08-17,257,226
1997,16940,2023-08-17,257,223
1998,2,2023-08-17,257,264
1999,30500,2023-08-17,166,226
2000,31500,2023-08-17,166,223
2001,28028,2023-08-17,166,225
2002,85,2023-08-17,212,226
2003,50000,2023-08-17,212,223
2004,134030,2023-08-17,212,213
2005,4132,2023-08-17,212,338
2006,436330,2023-08-17,212,217
2007,884,2023-08-17,87,223
2008,2955,2023-08-17,82,223
2009,1642,2023-08-17,82,214
2010,12316,2023-08-17,82,211
2011,2254,2023-08-17,82,225
2012,52999,2023-08-17,204,313
2013,13880,2023-08-17,204,213
2014,1500,2023-08-17,204,346
2015,113720,2023-08-17,215,213
2016,1468090,2023-08-17,215,227
2017,1468090,2023-08-17,215,222
2018,11100,2023-08-17,215,338
2019,843484,2023-08-17,215,217
2020,205810,2023-08-17,215,232
2021,63101,2023-08-17,126,296
2022,16877,2023-08-17,126,232
2023,14337,2023-08-17,126,230
2024,14180,2023-08-17,95,336
2025,11317,2023-08-17,95,221
2026,108652,2023-08-17,168,336
2027,18140,2023-08-17,168,346
2028,123385,2023-08-17,168,212
2029,19913,2023-08-17,180,336
2030,3045,2023-08-17,180,337
2031,1865,2023-08-17,180,347
2032,12286,2023-08-17,74,233
2033,17027,2023-08-17,74,217
2034,6673,2023-08-17,74,232
2035,5191,2023-08-17,74,211
2036,2842,2023-08-17,74,225
2037,250000,2023-08-17,223,233
2038,500000,2023-08-17,223,227
2039,513487,2023-08-17,223,225
2040,1000000,2023-08-17,340,233
2041,10965,2023-08-17,93,221
2042,65171,2023-08-17,116,214
2043,579,2023-08-17,303,214
2044,10858,2023-08-17,69,227
2045,2898,2023-08-17,69,338
2046,100000,2023-08-17,218,227
2047,190060,2023-08-17,218,232
2048,66982,2023-08-17,28,338
2049,324124,2023-08-17,169,338
2050,3000,2023-08-17,169,346
2051,1130,2023-08-17,169,225
2052,71329,2023-08-17,178,338
2053,7259,2023-08-17,300,338
2054,142918,2023-08-17,229,338
2055,239000,2023-08-17,229,232
2056,185200,2023-08-17,229,211
2057,615700,2023-08-17,229,225
2058,426848,2023-08-17,229,212
2059,134916,2023-08-17,226,338
2060,172470,2023-08-17,226,232
2061,1025435,2023-08-17,226,230
2062,131745,2023-08-17,230,338
2063,722,2023-08-17,44,337
2064,1000000,2023-08-17,234,337
2065,4960,2023-08-17,262,337
2066,17458,2023-08-17,262,347
2067,3754,2023-08-17,157,337
2068,1755,2023-08-17,157,217
2069,2165,2023-08-17,157,347
2070,5765,2023-08-17,205,337
2071,13146,2023-08-17,205,347
2072,3400,2023-08-17,205,225
2073,1000,2023-08-17,206,217
2074,542835,2023-08-17,222,217
2075,1381940,2023-08-17,222,225
2076,495502,2023-08-17,222,219
2077,9686,2023-08-17,136,347
2078,7942,2023-08-17,35,346
2079,8995,2023-08-17,35,225
2080,4250,2023-08-17,56,346
2081,8727,2023-08-17,177,346
2082,10000,2023-08-17,177,211
2083,5000,2023-08-17,154,346
2084,23276,2023-08-17,154,212
2085,2000,2023-08-17,207,346
2086,2000,2023-08-17,207,225
2087,31719,2023-08-17,184,232
2088,22225,2023-08-17,184,211
2089,42208,2023-08-17,184,225
2090,17238,2023-08-17,184,230
2091,2821,2023-08-17,200,232
2092,2331,2023-08-17,200,225
2093,150000,2023-08-17,228,232
2094,933110,2023-08-17,228,225
2095,3452,2023-08-17,77,225
2096,10000,2023-08-17,163,225
2097,550,2023-08-17,140,230
2098,2866,2023-08-17,72,212
